meeting_date,hawkishness_im,uncertainty_im,dissent_detected,fg_type,fg_direction,inflation_outlook,growth_prospects,labor_market,speech_hawkishness,agg_econ_index,expected_change_bp,entropy,modal_outcome,hawkishness_index_ii,policy_uncertainty,p_hold,dfr_actual_bp,dfr_surprise_mech,dfr_surprise_sal,dfr_surprise_norm,dfr_direction,mro_surprise_mech,post2015,t
1999-03-04,-0.1,0.6,False,Delphic,hold,-0.3909090909090909,-0.10454545454545455,-0.022727272727272724,0.48,-0.2314,1.035,0.5154,hold,0.0207,0.3202,0.8523,0.0,-1.035,0.1598,,no_surprise,-1.035,0,0
1999-03-18,-0.15,0.55,False,Delphic,hold,-0.2525,-0.13999999999999999,0.034999999999999996,0.43,-0.1613,0.0,-0.0,hold,0.0,-0.0,1.0,0.0,0.0,-0.0,,no_surprise,0.0,0,1
1999-04-08,-0.1,0.6,False,Delphic,ambiguous,-0.3611111111111111,-0.19444444444444445,0.022222222222222223,0.3429,-0.2344,-0.2025,0.3949,hold,-0.0041,0.2454,0.8997,-50.0,-49.7975,13.8155,,dovish_surprise,-49.7975,0,2
1999-04-22,-0.9,0.2,False,Delphic,ambiguous,-0.40476190476190477,-0.2571428571428572,-0.05714285714285714,0.2,-0.291,-6.63,0.5626,hold,-0.1326,0.3496,0.8335,0.0,6.63,0.1821,,hawkish_surprise,6.63,0,3
1999-05-06,-0.9,0.2,False,Delphic,ambiguous,-0.3111111111111111,-0.30000000000000004,0.00555555555555556,0.1817,-0.2444,-9.3825,0.7749,hold,-0.1877,0.4815,0.7163,0.0,9.3825,0.3337,,hawkish_surprise,9.3825,0,4
1999-05-20,-0.6,0.2,False,Delphic,hold,-0.1717391304347826,-0.10434782608695654,0.004347826086956525,0.32,-0.1163,-0.5475,0.3981,hold,-0.0109,0.2474,0.8979,0.0,0.5475,0.1077,,no_surprise,0.5475,0,5
1999-06-02,-0.4,0.3,False,None,hold,-0.1675,-0.20249999999999999,0.0,0.3767,-0.1445,-1.8225,0.5281,hold,-0.0365,0.3281,0.8421,0.0,1.8225,0.1719,0.0908,no_surprise,1.8225,0,6
1999-06-17,-0.1,0.4,False,Delphic,hold,-0.196875,-0.153125,-0.0296875,0.3312,-0.1503,-0.16,0.3948,hold,-0.0032,0.2453,0.8998,0.0,0.16,0.1056,0.0085,no_surprise,0.16,0,7
1999-07-01,-0.1,0.3,False,Delphic,hold,-0.21363636363636362,-0.1181818181818182,-0.02424242424242424,0.5188,-0.1471,-0.105,0.3944,hold,-0.0021,0.2451,0.8999,0.0,0.105,0.1055,0.006,no_surprise,0.105,0,8
1999-07-15,-0.1,0.4,False,Delphic,ambiguous,-0.12222222222222223,-0.1166666666666667,-0.12777777777777777,0.4267,-0.1217,-0.08,0.3943,hold,-0.0016,0.245,0.9,0.0,0.08,0.1054,0.0048,no_surprise,0.08,0,9
1999-07-29,0.27,0.38,False,Delphic,hike,-0.085,-0.23500000000000001,-0.08499999999999999,0.535,-0.13,5.1825,0.6867,hold,0.1037,0.4267,0.727,0.0,-5.1825,0.3188,-0.3269,dovish_surprise,-5.1825,0,10
1999-08-26,0.4,0.4,False,Delphic,hike,-0.096,0.028000000000000008,0.02,0.0,-0.0356,6.6525,0.6898,hold,0.1331,0.4286,0.6939,0.0,-6.6525,0.3654,-0.4398,dovish_surprise,-6.6525,0,11
1999-09-09,0.28,0.4,False,Delphic,hike,0.012499999999999995,0.153125,-0.0031249999999999993,0.25,0.0516,7.3925,0.6508,hold,0.1479,0.4044,0.7186,0.0,-7.3925,0.3305,-0.5095,dovish_surprise,-7.3925,0,12
1999-09-23,0.5,0.4,False,Delphic,hike,-0.024999999999999998,0.12142857142857143,-0.0071428571428571435,0.335,0.0225,6.74,0.7414,hold,0.1348,0.4607,0.7504,0.0,-6.74,0.2871,-0.4641,dovish_surprise,-6.74,0,13
1999-10-07,0.1375,0.6125,False,Delphic,hike,0.020967741935483866,0.09193548387096771,-0.0032258064516129024,0.3111,0.0374,4.6675,0.7218,hold,0.0934,0.4485,0.7792,0.0,-4.6675,0.2495,-0.3224,no_surprise,-4.6675,0,14
1999-10-21,0.8,0.4,False,Delphic,hike,0.08499999999999999,0.27499999999999997,0.0,0.2511,0.125,9.61,0.8634,hold,0.1922,0.5365,0.6184,0.0,-9.61,0.4806,-1.8703,dovish_surprise,-9.61,0,15
1999-11-04,0.48,0.38,False,Delphic,hike,0.165,0.295,-0.024999999999999998,0.24,0.166,14.4475,1.0598,hike_standard,0.2889,0.6585,0.412,50.0,35.5525,2.5421,6.9836,hawkish_surprise,35.5525,0,16
1999-11-18,0.85,0.3,False,Delphic,hike,0.18333333333333332,0.24833333333333338,0.075,0.2686,0.1812,15.8925,1.0426,hike_standard,0.3179,0.6478,0.4112,0.0,-15.8925,0.8887,-1.3972,dovish_surprise,-15.8925,0,17
1999-12-02,0.88,0.37,False,Delphic,ambiguous,0.1724137931034483,0.22413793103448276,0.017241379310344827,0.3614,0.1569,11.795,1.0194,hold,0.2359,0.6334,0.5625,0.0,-11.795,0.5754,-0.9693,dovish_surprise,-11.795,0,18
1999-12-15,0.3,0.6,False,Delphic,ambiguous,0.1357142857142857,0.28214285714285714,-0.007142857142857145,0.197,0.1511,8.5425,0.6422,hold,0.1709,0.399,0.6583,0.0,-8.5425,0.4181,-0.687,dovish_surprise,-8.5425,0,19
2000-01-05,0.35,0.37,False,Delphic,hike,0.1275862068965517,0.30689655172413793,0.034482758620689655,0.0,0.1628,8.1625,0.8642,hold,0.1633,0.537,0.6434,0.0,-8.1625,0.441,-0.6529,dovish_surprise,-8.1625,0,20
2000-01-20,0.325,0.525,False,Delphic,ambiguous,0.3071428571428571,0.4446428571428571,0.0732142857142857,0.66,0.3016,11.225,0.947,hold,0.2245,0.5884,0.5294,0.0,-11.225,0.636,-0.8967,dovish_surprise,-11.225,0,21
2000-02-03,0.7,0.4,False,Odyssean,hike,0.33749999999999997,0.4321428571428572,0.08928571428571429,0.44,0.3162,15.99,0.9505,hold,0.3198,0.5906,0.4616,25.0,9.01,0.8278,0.7154,hawkish_surprise,9.01,0,22
2000-02-17,0.48,0.48,False,Delphic,ambiguous,0.24423076923076925,0.46923076923076923,0.0423076923076923,0.605,0.2713,11.0075,0.9352,hold,0.2202,0.5811,0.591,0.0,-11.0075,0.5259,-0.8353,dovish_surprise,-11.0075,0,23
2000-03-02,0.57,0.47,False,Delphic,hike,0.2793103448275862,0.39655172413793105,0.04482758620689655,0.015,0.2676,16.075,0.9705,hold,0.3215,0.603,0.4741,0.0,-16.075,0.7463,-1.2078,dovish_surprise,-16.075,0,24
2000-03-16,0.63,0.42,False,Odyssean,hike,0.29516129032258065,0.267741935483871,0.04516129032258064,0.235,0.2369,20.05,1.0234,hike_standard,0.401,0.6359,0.3387,25.0,4.95,0.6824,0.3615,no_surprise,4.95,0,25
2000-03-30,0.6,0.5,False,Odyssean,hike,0.3435483870967742,0.29354838709677417,0.12258064516129033,0.165,0.2844,16.5525,0.9803,hold,0.331,0.6091,0.4615,0.0,-16.5525,0.7733,-1.1871,dovish_surprise,-16.5525,0,26
2000-04-13,0.75,0.4,False,Delphic,hike,0.48333333333333334,0.39999999999999997,0.14545454545454545,0.328,0.3908,13.175,0.6917,hike_standard,0.2635,0.4298,0.473,0.0,-13.175,0.7487,-0.9166,dovish_surprise,-13.175,0,27
2000-04-27,0.82,0.33,True,Delphic,hike,0.44264705882352945,0.4485294117647059,0.13088235294117645,0.33,0.3821,21.8775,0.9983,hike_standard,0.4376,0.6203,0.2666,25.0,3.1225,0.5607,0.2153,no_surprise,3.1225,0,28
2000-05-11,0.77,0.42,False,Odyssean,hike,0.3472222222222222,0.27083333333333337,0.01666666666666667,0.185,0.2582,16.88,0.6304,hike_standard,0.3376,0.3917,0.3248,0.0,-16.88,1.1245,-2.0148,dovish_surprise,-16.88,0,29
2000-05-25,0.45,0.23,False,Delphic,hike,0.3485714285714286,0.27714285714285714,0.06857142857142857,0.1183,0.2711,12.7475,0.9105,hold,0.255,0.5657,0.516,0.0,-12.7475,0.6616,-1.5068,dovish_surprise,-12.7475,0,30
2000-06-08,0.7,0.3,False,Delphic,ambiguous,0.40769230769230774,0.3615384615384616,-0.03333333333333333,0.35,0.3056,17.485,0.919,hike_standard,0.3497,0.571,0.3882,50.0,32.515,2.4361,3.8255,hawkish_surprise,32.515,0,31
2000-06-21,0.75,0.33,True,Delphic,ambiguous,0.27999999999999997,0.31375000000000003,-0.038750000000000014,0.355,0.2264,13.235,1.0403,hold,0.2647,0.6464,0.5064,0.0,-13.235,0.6804,-0.9405,dovish_surprise,-13.235,0,32
2000-07-06,0.9,0.3,False,Delphic,hike,0.29743589743589743,0.28974358974358977,-0.012820512820512832,0.6475,0.2331,16.735,0.9648,hike_standard,0.3347,0.5995,0.4416,0.0,-16.735,0.8174,-1.1747,dovish_surprise,-16.735,0,33
2000-07-20,0.5,0.4,False,Delphic,hike,0.46621621621621623,0.47837837837837843,0.1891891891891892,0.324,0.4145,9.9875,0.6728,hold,0.1998,0.418,0.6005,0.0,-9.9875,0.51,-0.6878,dovish_surprise,-9.9875,0,34
2000-08-03,0.55,0.35,False,Delphic,hold,0.45972222222222214,0.4708333333333333,0.18888888888888888,0.0,0.4089,11.0825,0.8899,hold,0.2216,0.5529,0.5694,0.0,-11.0825,0.5632,-0.7992,dovish_surprise,-11.0825,0,35
2000-08-31,0.45,0.45,False,Delphic,hold,0.49696969696969695,0.3272727272727272,0.09090909090909091,0.0,0.3648,12.9025,0.8273,hold,0.2581,0.514,0.523,25.0,12.0975,0.8258,0.8723,hawkish_surprise,12.0975,0,36
2000-09-14,0.425,0.35,False,Delphic,hold,0.42714285714285716,0.3457142857142857,0.11142857142857143,0.0,0.3396,6.815,0.7415,hold,0.1363,0.4607,0.7049,0.0,-6.815,0.3497,-0.4691,dovish_surprise,-6.815,0,37
2000-10-05,0.75,0.3375,False,Delphic,hike,0.4228571428571429,0.38857142857142857,0.13428571428571429,0.1442,0.3549,16.6625,1.0113,hold,0.3333,0.6284,0.4431,25.0,8.3375,0.8463,0.5859,hawkish_surprise,8.3375,0,38
2000-10-19,0.7,0.4,False,Delphic,ambiguous,0.5121212121212121,0.4333333333333333,0.1909090909090909,-0.0133,0.4242,7.705,0.9002,hold,0.1541,0.5593,0.6462,0.0,-7.705,0.4366,-0.5379,dovish_surprise,-7.705,0,39
2000-11-02,0.1,0.4,False,Delphic,ambiguous,0.509090909090909,0.39696969696969703,0.2090909090909091,0.2433,0.4155,5.9275,0.8884,hold,0.1186,0.552,0.6798,0.0,-5.9275,0.386,-0.4203,dovish_surprise,-5.9275,0,40
2000-11-16,0.55,0.5,False,Delphic,ambiguous,0.3025,0.26,0.0675,0.4925,0.2428,9.81,0.7912,hold,0.1962,0.4916,0.6215,0.0,-9.81,0.4756,-0.7016,dovish_surprise,-9.81,0,41
2000-11-30,0.5,0.525,False,Delphic,ambiguous,0.30125,0.2575,0.08249999999999999,0.2957,0.2444,12.01,1.028,hold,0.2402,0.6387,0.5314,0.0,-12.01,0.6322,-0.885,dovish_surprise,-12.01,0,42
2000-12-14,0.55,0.55,False,Delphic,ambiguous,0.3461538461538462,0.23717948717948714,0.13205128205128203,0.2367,0.2706,13.4375,0.9799,hold,0.2687,0.6088,0.5144,0.0,-13.4375,0.6648,-0.9932,dovish_surprise,-13.4375,0,43
2001-01-04,0.25,0.45,False,Delphic,hike,0.3861111111111111,0.22777777777777775,0.12222222222222223,0.1467,0.2858,7.495,0.8086,hold,0.1499,0.5024,0.7073,0.0,-7.495,0.3463,-0.8986,dovish_surprise,-7.495,0,44
2001-01-18,0.28,0.43,False,Delphic,hike,0.4166666666666667,0.27499999999999997,0.20277777777777775,0.09,0.3314,10.6675,1.0789,hold,0.2134,0.6704,0.5423,0.0,-10.6675,0.6119,-1.31,dovish_surprise,-10.6675,0,45
2001-02-01,0.23,0.48,True,Delphic,hike,0.3777777777777777,0.23333333333333328,0.20833333333333334,0.3033,0.3006,7.0575,0.7913,hold,0.1411,0.4917,0.6993,0.0,-7.0575,0.3577,-0.9189,dovish_surprise,-7.0575,0,46
2001-02-15,0.47,0.53,False,Delphic,hold,0.23586956521739133,0.08478260869565218,0.10108695652173912,0.38,0.1636,4.3475,0.7242,hold,0.0869,0.45,0.7225,0.0,-4.3475,0.325,-0.5719,no_surprise,-4.3475,0,47
2001-03-01,0.32,0.53,False,Delphic,hold,0.21000000000000002,0.06888888888888889,0.07999999999999999,0.21,0.1417,5.1725,0.6936,hold,0.1035,0.431,0.7731,0.0,-5.1725,0.2573,-0.6942,dovish_surprise,-5.1725,0,48
2001-03-15,0.03,0.57,False,Delphic,hold,0.24358974358974358,0.14615384615384616,0.10512820512820512,0.3167,0.1867,1.56,0.4204,hold,0.0312,0.2612,0.8844,0.0,-1.56,0.1228,-0.2952,no_surprise,-1.56,0,49
2001-03-29,-0.03,0.57,False,Delphic,hold,0.24625,0.10874999999999999,0.0825,0.24,0.1723,1.1075,0.4598,hold,0.0221,0.2857,0.88,0.0,-1.1075,0.1278,-0.202,no_surprise,-1.1075,0,50
2001-04-11,0.1,0.325,False,Delphic,hold,0.20270270270270271,0.12837837837837837,0.1054054054054054,0.66,0.1609,2.445,0.4608,hold,0.0489,0.2863,0.8613,0.0,-2.445,0.1493,-0.6613,no_surprise,-2.445,0,51
2001-04-26,0.05,0.53,False,Delphic,hold,0.1414285714285714,0.23,0.12571428571428572,-0.07,0.1649,0.5975,0.2682,hold,0.012,0.1666,0.9387,0.0,-0.5975,0.0633,-0.1526,no_surprise,-0.5975,0,52
2001-05-10,0.08,0.52,False,Delphic,hold,0.15,0.004347826086956524,0.07391304347826087,0.0,0.0911,1.4025,0.4026,hold,0.0281,0.2501,0.8973,-25.0,-26.4025,3.8304,-6.1827,dovish_surprise,-26.4025,0,53
2001-05-23,-0.67,0.5,False,Delphic,hold,0.1590909090909091,-0.012499999999999995,0.07840909090909091,0.2767,0.0915,-2.255,0.4341,hold,-0.0451,0.2697,0.8892,0.0,2.255,0.1174,0.3223,no_surprise,2.255,0,54
2001-06-07,-0.67,0.4,False,Delphic,hold,0.15875,0.015000000000000003,0.065,0.0925,0.0969,-5.895,0.7347,hold,-0.1179,0.4565,0.7709,0.0,5.895,0.2602,0.8005,hawkish_surprise,5.895,0,55
2001-06-21,0.17,0.38,False,Delphic,hold,0.14716981132075474,0.010377358490566032,0.06320754716981132,0.3737,0.0893,1.75,0.5268,hold,0.035,0.3273,0.8432,0.0,-1.75,0.1706,-0.2251,no_surprise,-1.75,0,56
2001-07-05,0.15,0.38,False,Delphic,hold,0.13333333333333336,0.0761904761904762,0.11190476190476191,0.16,0.1119,1.985,0.5922,hold,0.0397,0.368,0.8138,0.0,-1.985,0.206,-0.2553,no_surprise,-1.985,0,57
2001-07-19,-0.15,0.4,False,Delphic,hold,0.2,-0.12023809523809526,0.02023809523809524,0.17,0.068,-0.0625,0.6391,hold,-0.0013,0.3971,0.8,0.0,0.0625,0.2231,0.0083,no_surprise,0.0625,0,58
2001-08-02,0.38,0.33,False,Delphic,hold,0.2361111111111111,-0.12222222222222223,0.04722222222222223,0.45,0.0908,-0.0075,0.4629,hold,-0.0001,0.2876,0.8827,0.0,0.0075,0.1248,0.001,no_surprise,0.0075,0,59
2001-08-30,0.42,0.35,False,Delphic,hold,0.17702702702702702,-0.2108108108108108,-0.016216216216216217,0.0,0.022,-0.225,0.5206,hold,-0.0045,0.3235,0.8524,-25.0,-24.775,2.5472,-3.2648,dovish_surprise,-24.775,0,60
2001-09-13,-0.8,0.5,False,Delphic,ambiguous,0.07083333333333333,-0.23958333333333334,-0.027083333333333334,-0.0025,-0.0419,-10.65,0.9909,hold,-0.213,0.6157,0.5862,0.0,10.65,0.5341,1.0932,hawkish_surprise,10.65,0,61
2001-09-17,-0.6,0.3,True,Delphic,cut,0.06739130434782607,-0.16304347826086957,-0.053260869565217396,0.045,-0.0259,-13.0475,1.0265,hold,-0.261,0.6378,0.4861,-50.0,-36.9525,2.5823,-3.4916,dovish_surprise,-36.9525,0,62
2001-09-27,-0.7,0.4,False,Delphic,ambiguous,0.1,-0.17755102040816326,-0.04081632653061224,0.0938,-0.0114,-5.9725,0.5498,hold,-0.1195,0.3416,0.7611,0.0,5.9725,0.273,0.4258,hawkish_surprise,5.9725,0,63
2001-10-11,-0.6,0.4,False,Delphic,cut,-0.018421052631578942,-0.4026315789473684,-0.042105263157894736,0.044,-0.1384,-14.87,1.029,cut_standard,-0.2974,0.6394,0.4236,0.0,14.87,0.859,1.032,hawkish_surprise,14.87,0,64
2001-10-25,0.4,0.8,False,Delphic,hold,-0.02441860465116279,-0.3802325581395348,-0.022093023255813957,0.15,-0.1307,-5.8325,0.5432,hold,-0.1166,0.3375,0.7667,0.0,5.8325,0.2657,0.3774,hawkish_surprise,5.8325,0,65
2001-11-08,-0.2,0.8,False,Delphic,ambiguous,-0.04456521739130435,-0.24456521739130435,-0.017391304347826084,0.215,-0.0991,-10.51,0.6804,hold,-0.2102,0.4228,0.5796,-50.0,-39.49,13.8155,-2.7939,dovish_surprise,-39.49,0,66
2001-12-06,-0.43,0.73,False,Delphic,hold,-0.02717391304347826,-0.28043478260869564,-0.009782608695652173,-0.0575,-0.0997,-9.7125,0.7724,hold,-0.1943,0.4799,0.6528,0.0,9.7125,0.4265,0.5555,hawkish_surprise,9.7125,0,67
2002-01-03,0.0,0.53,False,Delphic,hold,-0.08541666666666665,-0.2916666666666667,-0.04583333333333334,0.0533,-0.1394,-0.5925,0.2903,hold,-0.0119,0.1804,0.9323,0.0,0.5925,0.0701,0.0334,no_surprise,0.5925,0,68
2002-02-07,-0.27,0.57,False,Delphic,hold,-0.14583333333333334,-0.36666666666666664,-0.11249999999999999,0.1,-0.2054,-1.4475,0.2211,hold,-0.029,0.1374,0.9421,0.0,1.4475,0.0596,0.0815,no_surprise,1.4475,0,69
2002-03-07,-0.07,0.5,False,Delphic,ambiguous,-0.0659090909090909,-0.2113636363636364,-0.0659090909090909,0.155,-0.1095,-0.0575,0.2688,hold,-0.0011,0.167,0.94,0.0,0.0575,0.0619,0.0032,no_surprise,0.0575,0,70
2002-04-04,-0.03,0.53,False,Delphic,hold,0.017777777777777774,-0.16444444444444445,-0.1,0.09,-0.0604,-0.035,0.2685,hold,-0.0007,0.1668,0.94,0.0,0.035,0.0619,0.002,no_surprise,0.035,0,71
2002-05-02,0.3,0.5,False,Delphic,ambiguous,0.033720930232558136,-0.20348837209302326,-0.08604651162790698,0.255,-0.0614,8.405,0.8285,hold,0.1681,0.5148,0.6511,0.0,-8.405,0.4291,-0.4715,dovish_surprise,-8.405,0,72
2002-06-06,0.275,0.775,False,Delphic,ambiguous,0.12045454545454545,-0.07272727272727274,-0.04318181818181818,0.036,0.0298,4.535,0.8096,hold,0.0907,0.503,0.7182,0.0,-4.535,0.331,-0.2698,no_surprise,-4.535,0,73
2002-07-04,0.5,0.7,False,Delphic,ambiguous,0.12446808510638298,-0.08085106382978724,-0.01702127659574468,0.2467,0.0346,8.9475,0.7402,hold,0.1789,0.4599,0.6774,0.0,-8.9475,0.3895,-0.5489,dovish_surprise,-8.9475,0,74
2002-08-01,-0.15,0.725,False,Delphic,ambiguous,0.2391304347826087,-0.11956521739130435,-0.07173913043478261,0.01,0.0693,-0.075,0.5267,hold,-0.0015,0.3273,0.85,0.0,0.075,0.1625,0.0057,no_surprise,0.075,0,75
2002-09-12,0.18,0.53,False,Delphic,ambiguous,-0.032978723404255325,-0.23191489361702128,-0.0425531914893617,0.35,-0.0946,3.15,0.6758,hold,0.063,0.4199,0.7634,0.0,-3.15,0.27,-0.2432,no_surprise,-3.15,0,76
2002-10-10,0.5,0.7,False,Delphic,ambiguous,0.07093023255813954,-0.31046511627906975,-0.051162790697674425,0.06,-0.0679,10.365,0.9927,hold,0.2073,0.6168,0.5672,0.0,-10.365,0.567,-0.8736,dovish_surprise,-10.365,0,77
2002-11-07,0.28,0.48,False,Delphic,hold,0.07272727272727272,-0.3159090909090909,-0.02727272727272727,-0.03,-0.0639,-0.0125,0.526,hold,-0.0003,0.3268,0.8503,0.0,0.0125,0.1622,0.0011,no_surprise,0.0125,0,78
2002-12-05,0.25,0.65,True,Delphic,cut,0.009999999999999995,-0.2588888888888889,-0.060000000000000005,0.1175,-0.0847,-15.0025,0.8557,cut_standard,-0.3,0.5317,0.4499,-50.0,-34.9975,2.9957,-6.5796,dovish_surprise,-34.9975,0,79
2003-01-09,-0.9,0.8,False,Odyssean,hold,-0.030851063829787233,-0.36489361702127665,-0.13829787234042554,-0.23,-0.1526,-4.8625,0.5174,hold,-0.0973,0.3215,0.8469,0.0,4.8625,0.1662,0.5014,no_surprise,4.8625,0,80
2003-02-06,-0.85,0.9,False,Delphic,hold,0.022093023255813974,-0.30465116279069765,-0.11627906976744186,0.16,-0.1036,-8.8725,0.7517,hold,-0.1774,0.4671,0.7294,0.0,8.8725,0.3155,0.8877,hawkish_surprise,8.8725,0,81
2003-03-06,0.23,0.68,True,Delphic,hold,0.05714285714285714,-0.24285714285714285,-0.06122448979591836,0.255,-0.0565,-3.135,0.5757,hold,-0.0627,0.3577,0.8088,-25.0,-21.865,1.8433,-2.0615,dovish_surprise,-21.865,0,82
2003-04-03,-0.67,0.77,True,Delphic,ambiguous,0.014285714285714285,-0.2224489795918367,-0.0857142857142857,-0.0167,-0.0767,-9.4525,0.8676,hold,-0.1891,0.5391,0.6706,0.0,9.4525,0.3996,0.8234,hawkish_surprise,9.4525,0,83
2003-05-08,-0.025,0.85,False,Delphic,ambiguous,-0.028888888888888884,-0.3755555555555556,-0.10777777777777779,0.08,-0.1487,-4.9,0.7776,hold,-0.098,0.4832,0.7404,0.0,4.9,0.3006,0.4016,no_surprise,4.9,0,84
2003-06-05,0.125,0.45,True,Delphic,ambiguous,0.014583333333333337,-0.21354166666666666,-0.0625,-0.082,-0.0693,-5.04,0.6885,hold,-0.1008,0.4278,0.7741,-50.0,-44.96,3.677,-3.5937,dovish_surprise,-44.96,0,85
2003-07-10,-0.9,0.6,False,Delphic,cut,-0.15932203389830507,-0.3372881355932203,-0.0940677966101695,-0.1833,-0.1997,-24.255,0.9102,cut_standard,-0.4851,0.5655,0.1982,0.0,24.255,1.6185,1.4479,hawkish_surprise,24.255,0,86
2003-07-31,-0.9,0.45,False,Delphic,cut,-0.09913793103448276,-0.2974137931034483,-0.10948275862068967,0.19,-0.1607,-15.1675,0.9331,hold,-0.3034,0.5798,0.4844,0.0,15.1675,0.7248,0.7998,hawkish_surprise,15.1675,0,87
2003-09-04,-0.8,0.4,False,Delphic,ambiguous,-0.05340909090909091,-0.20227272727272724,-0.14090909090909093,0.0,-0.1156,-14.215,0.9107,hold,-0.2843,0.5658,0.5114,0.0,14.215,0.6706,0.7194,hawkish_surprise,14.215,0,88
2003-10-02,0.35,0.45,False,Delphic,hold,-0.09107142857142857,-0.17589285714285716,-0.08750000000000001,0.295,-0.1158,-0.86,0.5133,hold,-0.0172,0.3189,0.8538,0.0,0.86,0.1581,0.0422,no_surprise,0.86,0,89
2003-11-06,-0.17,0.57,False,Delphic,hold,0.03936170212765957,-0.14375000000000002,-0.07659574468085106,0.0717,-0.0388,-0.6125,0.2687,hold,-0.0123,0.167,0.9385,0.0,0.6125,0.0635,0.0302,no_surprise,0.6125,0,90
2003-12-04,0.15,0.3,False,Delphic,hike,0.004464285714285714,-0.15178571428571427,-0.07857142857142856,0.2414,-0.059,1.7975,0.3883,hold,0.036,0.2413,0.8929,0.0,-1.7975,0.1133,-0.0887,no_surprise,-1.7975,0,91
2004-01-08,0.25,0.5,False,Delphic,ambiguous,0.08727272727272727,0.004545454545454542,-0.07818181818181817,0.0,0.0294,4.2425,0.6936,hold,0.0848,0.431,0.7398,0.0,-4.2425,0.3014,-0.2409,no_surprise,-4.2425,0,92
2004-02-05,0.08,0.33,False,Delphic,ambiguous,0.06176470588235295,0.05686274509803922,-0.03725490196078431,0.0967,0.0405,0.3725,0.4231,hold,0.0075,0.2629,0.8895,0.0,-0.3725,0.1171,-0.0211,no_surprise,-0.3725,0,93
2004-03-04,-0.1,0.4,True,Delphic,hold,-0.014473684210526317,0.006578947368421058,-0.07631578947368421,0.13,-0.0205,-1.3575,0.5199,hold,-0.0271,0.323,0.8487,0.0,1.3575,0.164,0.0778,no_surprise,1.3575,0,94
2004-04-01,-0.1,0.3875,False,Delphic,ambiguous,0.0011904761904761915,0.10476190476190476,-0.06428571428571428,0.085,0.0192,-2.19,0.6868,hold,-0.0438,0.4267,0.7986,0.0,2.19,0.2249,0.1352,no_surprise,2.19,0,95
2004-05-06,0.2,0.4,False,Delphic,ambiguous,-0.041111111111111105,0.10777777777777776,-0.08888888888888888,0.1614,-0.006,1.6925,0.3835,hold,0.0338,0.2383,0.8955,0.0,-1.6925,0.1104,-0.1056,no_surprise,-1.6925,0,96
2004-06-03,0.15,0.55,False,Delphic,ambiguous,0.02272727272727273,0.015909090909090914,-0.05909090909090909,0.175,0.0043,5.2875,0.5159,hold,0.1057,0.3205,0.7885,0.0,-5.2875,0.2376,-0.3305,dovish_surprise,-5.2875,0,97
2004-07-01,0.35,0.67,False,Delphic,ambiguous,0.09999999999999999,0.058695652173913045,-0.07391304347826087,0.1733,0.0528,7.485,0.819,hold,0.1497,0.5089,0.6903,0.0,-7.485,0.3706,-0.8597,dovish_surprise,-7.485,0,98
2004-08-05,0.75,0.4,False,Delphic,hike,0.19772727272727272,0.2818181818181818,0.011363636363636366,0.3,0.1857,17.1025,1.0162,hike_standard,0.342,0.6314,0.3539,0.0,-17.1025,1.0387,-2.5665,dovish_surprise,-17.1025,0,99
2004-09-02,0.333,0.433,False,Delphic,ambiguous,0.10777777777777779,0.13333333333333333,-0.060000000000000005,0.0,0.0819,3.8775,0.7357,hold,0.0775,0.4571,0.7521,0.0,-3.8775,0.2849,-0.5571,no_surprise,-3.8775,0,100
2004-10-07,0.65,0.48,False,Delphic,hike,0.14509803921568626,0.14705882352941177,-0.049019607843137254,0.0817,0.1069,8.5875,0.8032,hold,0.1718,0.4991,0.6644,0.0,-8.5875,0.4089,-1.6884,dovish_surprise,-8.5875,0,101
2004-11-04,0.4,0.55,False,Delphic,ambiguous,0.18085106382978725,0.1978723404255319,-0.0702127659574468,0.245,0.1357,4.585,0.6776,hold,0.0917,0.421,0.7626,0.0,-4.585,0.271,-0.8907,no_surprise,-4.585,0,102
2004-12-02,0.4,0.6625,False,Delphic,ambiguous,0.2278846153846154,0.10673076923076923,-0.06442307692307692,0.1239,0.1331,7.7675,1.2273,hold,0.1553,0.7626,0.5378,0.0,-7.7675,0.6203,-1.5632,dovish_surprise,-7.7675,0,103
2005-01-13,0.45,0.65,False,Delphic,ambiguous,0.169,-0.0050000000000000044,-0.054000000000000006,0.0,0.0722,5.5,0.6223,hold,0.11,0.3867,0.7745,0.0,-5.5,0.2555,-1.1015,dovish_surprise,-5.5,0,104
2005-02-03,0.55,0.4,False,Delphic,hike,0.17717391304347826,0.005434782608695649,-0.0391304347826087,0.05,0.0824,7.6,0.8174,hold,0.152,0.5079,0.6526,0.0,-7.6,0.4268,-1.5219,dovish_surprise,-7.6,0,105
2005-03-03,0.65,0.5,False,Delphic,hike,0.12717391304347825,0.0608695652173913,-0.07391304347826087,0.3,0.0671,10.0475,0.8689,hold,0.2009,0.5399,0.6243,0.0,-10.0475,0.4711,-2.0733,dovish_surprise,-10.0475,0,106
2005-04-07,-0.6,0.6,False,Delphic,hold,0.10588235294117648,-0.009803921568627449,-0.041176470588235294,0.236,0.0418,-1.28,0.7452,hold,-0.0256,0.463,0.7968,0.0,1.28,0.2272,0.2834,no_surprise,1.28,0,107
2005-05-04,0.55,0.38,False,Delphic,hike,0.11354166666666665,0.04374999999999999,-0.052083333333333336,0.206,0.0595,8.2475,0.71,hold,0.165,0.4411,0.6426,0.0,-8.2475,0.4422,-1.8847,dovish_surprise,-8.2475,0,108
2005-06-02,0.7,0.4,False,Delphic,hold,0.14519230769230768,0.021153846153846155,-0.06634615384615385,-0.055,0.0657,1.575,0.2351,hold,0.0315,0.1461,0.937,0.0,-1.575,0.0651,-0.3802,no_surprise,-1.575,0,109
2005-07-07,0.7125,0.2875,False,Delphic,hike,0.11339285714285714,-0.03660714285714285,-0.07142857142857142,0.2633,0.0314,4.7325,0.6716,hold,0.0946,0.4173,0.7838,0.0,-4.7325,0.2436,-1.0769,no_surprise,-4.7325,0,110
2005-08-04,0.43,0.57,False,Delphic,ambiguous,0.08936170212765958,-0.055319148936170216,-0.061702127659574474,0.2383,0.0157,3.91,0.6587,hold,0.0782,0.4093,0.7615,0.0,-3.91,0.2725,-0.8842,no_surprise,-3.91,0,111
2005-09-01,0.325,0.575,False,Delphic,ambiguous,0.1,-0.08518518518518518,-0.08518518518518518,0.0,0.0074,4.76,0.7511,hold,0.0952,0.4667,0.7363,0.0,-4.76,0.3061,-1.5362,no_surprise,-4.76,0,112
2005-10-06,0.52,0.6,False,Delphic,hike,0.15833333333333335,0.007291666666666664,-0.029166666666666664,-0.03,0.0755,12.105,0.8661,hold,0.2421,0.5381,0.5179,0.0,-12.105,0.658,-3.9414,dovish_surprise,-12.105,0,113
2005-11-03,0.75,0.6,False,Odyssean,hike,0.22021276595744685,0.06063829787234044,-0.03297872340425532,-0.15,0.1217,16.7625,0.9093,hike_standard,0.3352,0.565,0.4086,0.0,-16.7625,0.895,-4.8018,dovish_surprise,-16.7625,0,114
2005-12-01,0.75,0.4,False,Delphic,hike,0.22211538461538463,0.04134615384615385,-0.02692307692307692,0.0562,0.1181,20.335,0.829,hike_standard,0.4067,0.5151,0.2654,25.0,4.665,0.4219,1.0166,no_surprise,4.665,0,115
2006-01-12,0.7,0.3,False,Delphic,hike,0.3185185185185185,0.23981481481481484,0.05370370370370369,0.74,0.2419,21.2075,0.829,hike_standard,0.4241,0.5151,0.2416,0.0,-21.2075,1.4205,-3.8163,dovish_surprise,-21.2075,0,116
2006-02-02,0.7,0.4,False,Delphic,hike,0.3397959183673469,0.22653061224489798,0.05408163265306122,0.02,0.2487,11.1075,0.8479,hold,0.2221,0.5268,0.6056,0.0,-11.1075,0.5015,-1.5866,dovish_surprise,-11.1075,0,117
2006-03-02,0.65,0.25,False,Delphic,hike,0.24019607843137258,0.17254901960784316,0.040196078431372545,0.21,0.1799,22.12,0.6705,hike_standard,0.4424,0.4166,0.1731,25.0,2.88,0.2627,0.4063,no_surprise,2.88,0,118
2006-04-06,0.85,0.2,False,Delphic,hike,0.24913793103448276,0.22931034482758622,0.03534482758620689,0.204,0.2004,15.21,1.0457,hold,0.3042,0.6497,0.4405,0.0,-15.21,0.8198,-2.01,dovish_surprise,-15.21,0,119
2006-05-04,0.62,0.33,False,Odyssean,hike,0.28888888888888886,0.2518518518518519,0.033333333333333326,0.0,0.2267,2.0925,0.3903,hold,0.0418,0.2425,0.8889,0.0,-2.0925,0.1178,-0.2767,no_surprise,-2.0925,0,120
2006-06-08,0.85,0.3,False,Delphic,hike,0.2677966101694915,0.2661016949152542,0.061016949152542375,0.2017,0.2259,24.575,0.5922,hike_standard,0.4915,0.368,0.0978,25.0,0.425,0.1967,0.0551,no_surprise,0.425,0,121
2006-07-06,0.8,0.4,True,Delphic,hike,0.22499999999999998,0.28250000000000003,0.06666666666666667,0.1771,0.2106,27.0475,0.8302,hike_standard,0.541,0.5158,0.1164,0.0,-27.0475,2.1507,-3.4441,dovish_surprise,-27.0475,0,122
2006-08-03,0.82,0.4,False,Delphic,hike,0.387037037037037,0.38240740740740736,0.08333333333333333,-0.0567,0.3249,24.15,0.5554,hike_standard,0.483,0.3451,0.0988,25.0,0.85,0.1786,0.089,no_surprise,0.85,0,123
2006-08-31,0.48,0.5,False,Delphic,hike,0.30094339622641514,0.25754716981132075,0.06037735849056604,0.0,0.2398,8.46,0.8291,hold,0.1692,0.5151,0.6565,0.0,-8.46,0.4208,-0.8592,dovish_surprise,-8.46,0,124
2006-10-05,0.85,0.4,False,Delphic,hike,0.2936363636363636,0.2609090909090909,0.0790909090909091,0.04,0.2409,25.6725,0.7998,hike_standard,0.5134,0.4969,0.1309,25.0,-0.6725,0.3407,-0.0687,no_surprise,-0.6725,0,125
2006-11-02,0.9,0.3,True,Delphic,hike,0.35818181818181816,0.36454545454545456,0.1,0.2025,0.3085,24.0375,0.6627,hike_standard,0.4808,0.4118,0.1259,0.0,-24.0375,2.0723,-2.4117,dovish_surprise,-24.0375,0,126
2006-12-07,0.9,0.2,False,Delphic,hike,0.18703703703703706,0.2296296296296296,0.06666666666666667,0.2583,0.1757,22.5025,0.3249,hike_standard,0.4501,0.2019,0.0999,25.0,2.4975,0.1052,0.2337,no_surprise,2.4975,0,127
2007-01-11,0.9,0.3,False,Delphic,hike,0.22452830188679246,0.35377358490566035,0.1160377358490566,-0.03,0.2416,17.9425,0.9246,hike_standard,0.3589,0.5745,0.3753,0.0,-17.9425,0.98,-1.7117,dovish_surprise,-17.9425,0,128
2007-02-08,0.75,0.275,False,Delphic,hike,0.20384615384615382,0.34711538461538455,0.13076923076923078,0.37,0.2322,20.355,0.9143,hike_standard,0.4071,0.5681,0.2966,0.0,-20.355,1.2154,-1.9977,dovish_surprise,-20.355,0,129
2007-03-08,0.8375,0.25,False,Odyssean,hike,0.2472222222222222,0.36759259259259264,0.10925925925925925,0.07,0.2557,23.5475,0.3226,hike_standard,0.4709,0.2004,0.0661,25.0,1.4525,0.0834,0.1357,no_surprise,1.4525,0,130
2007-04-12,0.9,0.2,False,Odyssean,hike,0.21568627450980393,0.38823529411764707,0.10392156862745097,0.1314,0.2451,23.205,0.6536,hike_standard,0.4641,0.4061,0.132,0.0,-23.205,2.025,-2.1932,dovish_surprise,-23.205,0,131
2007-05-10,0.66,0.35,False,Delphic,hike,0.20454545454545456,0.27999999999999997,0.10545454545454547,0.1914,0.2074,14.125,0.9109,hike_standard,0.2825,0.566,0.4525,0.0,-14.125,0.793,-1.2643,dovish_surprise,-14.125,0,132
2007-06-06,0.85,0.15,False,Delphic,hike,0.18303571428571427,0.2982142857142857,0.09999999999999999,0.2325,0.201,23.9,0.3121,hike_standard,0.478,0.1939,0.0522,25.0,1.1,0.0746,0.1003,no_surprise,1.1,0,133
2007-07-05,0.71,0.32,False,Delphic,hike,0.23534482758620687,0.33620689655172414,0.1482758620689655,0.36,0.2482,18.755,0.7723,hike_standard,0.3751,0.4799,0.2663,0.0,-18.755,1.3231,-1.701,dovish_surprise,-18.755,0,134
2007-08-02,0.85,0.2,False,Delphic,hike,0.3052631578947369,0.4754385964912281,0.2149122807017544,0.2171,0.3382,24.05,0.6625,hike_standard,0.481,0.4116,0.1256,0.0,-24.05,2.0747,-2.3538,dovish_surprise,-24.05,0,135
2007-09-06,0.475,0.6,False,Delphic,hike,0.30283018867924527,0.3405660377358491,0.12169811320754716,0.0,0.2779,14.85,0.9643,hike_standard,0.297,0.5992,0.3569,0.0,-14.85,1.0303,-1.4412,dovish_surprise,-14.85,0,136
2007-10-04,0.5,0.7,False,Delphic,hike,0.15163934426229508,0.21639344262295082,0.10983606557377049,0.063,0.1627,18.9725,0.5523,hike_standard,0.3795,0.3432,0.2411,0.0,-18.9725,1.4225,-1.849,dovish_surprise,-18.9725,0,137
2007-11-08,0.4,0.75,False,Delphic,hike,0.20793650793650792,0.10158730158730157,0.12063492063492062,-0.0386,0.1586,15.335,1.0167,hike_standard,0.3067,0.6317,0.3911,0.0,-15.335,0.9388,-1.5813,dovish_surprise,-15.335,0,138
2007-12-06,0.7,0.7,False,Delphic,hike,0.2153846153846154,0.1076923076923077,0.0969230769230769,-0.0063,0.1594,9.505,0.6642,hold,0.1901,0.4127,0.6198,0.0,-9.505,0.4784,-1.0269,dovish_surprise,-9.505,0,139
2008-01-10,0.85,0.65,False,Delphic,hike,0.3008474576271186,0.07033898305084745,0.13474576271186442,0.57,0.1985,22.2625,0.7808,hike_standard,0.4452,0.4851,0.1994,0.0,-22.2625,1.6124,-2.7703,dovish_surprise,-22.2625,0,140
2008-02-07,0.6,0.6,False,Odyssean,hike,0.3050847457627119,0.07542372881355933,0.11864406779661017,-0.095,0.1989,12.835,1.1288,hold,0.2567,0.7014,0.438,0.0,-12.835,0.8255,-1.5513,dovish_surprise,-12.835,0,141
2008-03-06,0.4,0.71,False,Delphic,ambiguous,0.306140350877193,-0.008771929824561403,0.14210526315789473,0.0529,0.1789,2.2575,0.7743,hold,0.0451,0.4811,0.7605,0.0,-2.2575,0.2738,-0.278,no_surprise,-2.2575,0,142
2008-04-10,0.65,0.7,False,Delphic,hike,0.2936363636363636,-0.1318181818181818,0.08454545454545455,-0.102,0.1242,14.725,1.0285,hike_standard,0.2945,0.639,0.4267,0.0,-14.725,0.8517,-1.9459,dovish_surprise,-14.725,0,143
2008-05-08,0.825,0.625,False,Delphic,hold,0.3385964912280702,-0.17456140350877192,0.12456140350877193,-0.0133,0.1418,8.2375,0.7219,hold,0.1648,0.4485,0.6375,0.0,-8.2375,0.4502,-1.1583,dovish_surprise,-8.2375,0,144
2008-06-05,0.65,0.65,False,Delphic,hike,0.26052631578947366,-0.07368421052631581,0.10877192982456141,0.2071,0.1299,9.5025,0.6641,hold,0.19,0.4126,0.6199,0.0,-9.5025,0.4782,-1.3054,dovish_surprise,-9.5025,0,145
2008-07-03,0.8,0.4,False,Odyssean,hike,0.39919354838709675,-0.12258064516129032,0.14919354838709678,0.1009,0.1927,19.78,0.8679,hike_standard,0.3956,0.5393,0.2948,25.0,5.22,0.4793,0.8704,hawkish_surprise,5.22,0,146
2008-08-07,0.9,0.4625,False,Delphic,ambiguous,0.41796875,-0.1296875,0.14218750000000002,-0.235,0.1985,12.395,0.9419,hold,0.2479,0.5852,0.5386,0.0,-12.395,0.6188,-1.5745,dovish_surprise,-12.395,0,147
2008-09-04,0.525,0.5625,False,Delphic,ambiguous,0.38153846153846155,-0.16384615384615386,0.11076923076923077,0.0,0.1638,7.8,1.0217,hold,0.156,0.6348,0.6111,0.0,-7.8,0.4925,-1.1089,dovish_surprise,-7.8,0,148
2008-10-02,0.75,0.7,False,Delphic,ambiguous,0.35263157894736846,-0.30701754385964913,0.021052631578947364,-0.2007,0.0884,5.255,0.7064,hold,0.1051,0.4389,0.716,0.0,-5.255,0.3341,-0.7499,dovish_surprise,-5.255,0,149
2008-10-08,0.35,0.8375,False,Delphic,ambiguous,0.31290322580645163,-0.32016129032258067,0.03387096774193548,-0.2473,0.0672,-4.8375,0.9955,hold,-0.0968,0.6185,0.6543,-50.0,-45.1625,3.204,-6.7619,dovish_surprise,-45.1625,0,150
2008-11-06,0.24,0.89,False,Delphic,ambiguous,0.3620689655172414,-0.4232758620689655,-0.02586206896551724,-0.39,0.0489,-11.9575,1.0604,hold,-0.2392,0.6589,0.5254,-50.0,-38.0425,2.3936,-3.2014,dovish_surprise,-38.0425,0,151
2008-12-04,-0.75,0.9,False,Delphic,cut,0.13818181818181818,-0.37454545454545457,-0.027272727272727268,-0.5046,-0.0487,-25.32,0.7996,cut_standard,-0.5064,0.4968,0.1375,-75.0,-49.68,1.8945,-3.5922,dovish_surprise,-49.68,0,152
2009-01-15,-0.9,0.95,False,Delphic,cut,-0.4129310344827586,-0.6163793103448276,-0.20344827586206898,-0.62,-0.4321,-38.205,0.8212,cut_large,-0.7641,0.5102,0.0422,-50.0,-11.795,0.5616,-0.6994,dovish_surprise,-11.795,0,153
2009-02-05,-0.9,0.9,False,Delphic,ambiguous,-0.385,-0.6216666666666666,-0.20666666666666664,-0.48,-0.4203,-21.2225,1.0417,cut_standard,-0.4244,0.6472,0.3446,0.0,21.2225,1.0654,1.2567,hawkish_surprise,21.2225,0,154
2009-03-05,-0.6,0.9,False,Delphic,cut,-0.3836363636363636,-0.5536363636363636,-0.18909090909090906,-0.44,-0.3957,-42.0075,0.7114,cut_large,-0.8401,0.442,0.0469,-50.0,-7.9925,0.3187,-0.4081,dovish_surprise,-7.9925,0,155
2009-04-02,-0.8,0.7,False,Delphic,ambiguous,-0.3618181818181817,-0.5254545454545455,-0.23636363636363636,-0.594,-0.3858,-17.0975,0.9436,cut_standard,-0.3419,0.5863,0.4145,-25.0,-7.9025,0.7193,-0.4017,dovish_surprise,-7.9025,0,156
2009-05-07,-0.425,0.45,False,Delphic,ambiguous,-0.4956140350877193,-0.6394736842105264,-0.22456140350877193,-0.5333,-0.4846,-19.755,1.0269,cut_standard,-0.3951,0.638,0.3787,0.0,19.755,0.971,1.0038,hawkish_surprise,-5.245,0,157
2009-06-04,-0.95,0.5,False,Delphic,hold,-0.3327868852459016,-0.6008196721311475,-0.20327868852459013,-0.335,-0.3873,-5.5875,0.5649,hold,-0.1118,0.351,0.8272,0.0,5.5875,0.1897,0.2563,hawkish_surprise,5.5875,0,158
2009-07-02,0.0625,0.4,False,Delphic,ambiguous,-0.39852941176470585,-0.5779411764705883,-0.20441176470588235,-0.48,-0.4135,-1.9125,0.2894,hold,-0.0382,0.1798,0.9195,0.0,1.9125,0.0839,0.0876,no_surprise,1.9125,0,159
2009-08-06,0.1,0.3,False,Delphic,hold,-0.49140625000000004,-0.6390625,-0.3046875,0.1433,-0.4984,-1.4275,0.2189,hold,-0.0285,0.136,0.9429,0.0,1.4275,0.0588,0.0645,no_surprise,1.4275,0,160
2009-09-03,-0.01,0.76,False,Delphic,hold,-0.37384615384615383,-0.5630769230769231,-0.2630769230769231,-0.37,-0.4085,-1.47,0.2631,hold,-0.0294,0.1635,0.945,0.0,1.47,0.0566,0.0657,no_surprise,1.47,0,161
2009-10-08,-0.8,0.7,False,Delphic,hold,-0.3875,-0.4583333333333333,-0.25416666666666665,-0.1183,-0.3821,-1.87,0.2659,hold,-0.0374,0.1652,0.9252,0.0,1.87,0.0777,0.0829,no_surprise,1.87,0,162
2009-11-05,-0.25,0.7,False,Delphic,hold,-0.38545454545454544,-0.4848214285714286,-0.27499999999999997,-0.3125,-0.3932,-0.1375,0.1144,hold,-0.0028,0.0711,0.9793,0.0,0.1375,0.0209,0.0069,no_surprise,0.1375,0,163
2009-12-03,0.03,0.83,False,Delphic,hold,-0.2343283582089552,-0.3604477611940298,-0.2126865671641791,-0.1742,-0.2678,-0.195,0.2695,hold,-0.0039,0.1674,0.9395,0.0,0.195,0.0624,0.0113,no_surprise,0.195,0,164
2010-01-14,-0.2,0.65,False,Delphic,hold,-0.3,-0.27377049180327867,-0.24016393442622955,-0.16,-0.2802,-0.495,0.3976,hold,-0.0099,0.247,0.8983,0.0,0.495,0.1073,0.0519,no_surprise,0.495,0,165
2010-02-04,-0.2875,0.5625,False,Delphic,hold,-0.29916666666666664,-0.26999999999999996,-0.21166666666666664,-0.095,-0.2729,-1.0375,0.2872,hold,-0.0208,0.1784,0.9306,0.0,1.0375,0.0719,0.1206,no_surprise,1.0375,0,166
2010-03-04,-0.2,0.5,False,Delphic,hold,-0.19926470588235295,-0.17058823529411765,-0.18308823529411763,0.0325,-0.1874,-0.34,0.3958,hold,-0.0068,0.2459,0.8992,0.0,0.34,0.1062,0.051,no_surprise,0.34,0,167
2010-04-08,-0.15,0.5,False,Delphic,hold,-0.20517241379310344,-0.1853448275862069,-0.20603448275862069,0.1133,-0.1994,-1.395,0.2153,hold,-0.0279,0.1338,0.9442,0.0,1.395,0.0574,0.2306,no_surprise,1.395,0,168
2010-05-06,0.0,0.55,False,Delphic,hold,-0.17264150943396228,-0.17641509433962263,-0.19811320754716982,0.0289,-0.1789,-0.165,0.3948,hold,-0.0033,0.2453,0.8998,0.0,0.165,0.1056,0.0314,no_surprise,0.165,0,169
2010-06-10,-0.25,0.7,False,Delphic,hold,-0.08015873015873017,-0.14285714285714285,-0.15634920634920638,-0.0233,-0.1142,-0.34,0.3958,hold,-0.0068,0.2459,0.8992,0.0,0.34,0.1062,0.2374,no_surprise,0.34,0,170
2010-07-08,0.0125,0.7,False,Delphic,hold,-0.0625,-0.17083333333333334,-0.18000000000000002,-0.0,-0.1185,-0.2175,0.3188,hold,-0.0043,0.1981,0.9247,0.0,0.2175,0.0783,0.329,no_surprise,0.2175,0,171
2010-08-05,-0.25,0.525,False,Delphic,hold,-0.054166666666666675,-0.1408333333333333,-0.195,0.08,-0.1083,-0.43,0.1888,hold,-0.0086,0.1173,0.9607,0.0,0.43,0.0401,0.7069,no_surprise,0.43,0,172
2010-09-02,-0.1,0.5,False,Delphic,hold,-0.09491525423728812,-0.20254237288135593,-0.24067796610169492,0.0,-0.1564,-0.245,0.3951,hold,-0.0049,0.2455,0.8996,0.0,0.245,0.1058,0.4235,no_surprise,0.245,0,173
2010-10-07,0.125,0.5625,False,Delphic,hold,0.05820895522388059,-0.10373134328358208,-0.10895522388059703,-0.05,-0.0238,1.635,0.5451,hold,0.0327,0.3387,0.8365,0.0,-1.635,0.1785,-3.053,no_surprise,-1.635,0,174
2010-11-04,-0.22,0.65,True,Delphic,hold,-0.06640624999999999,-0.05078125,-0.17265624999999998,-0.0182,-0.083,0.7125,0.3793,hold,0.0143,0.2357,0.9037,0.0,-0.7125,0.1013,-1.0424,no_surprise,-0.7125,0,175
2010-12-02,-0.2,0.6,False,Delphic,hold,-0.031132075471698113,-0.04716981132075472,-0.0839622641509434,0.043,-0.0465,-0.19,0.2591,hold,-0.0038,0.161,0.9497,0.0,0.19,0.0516,0.2579,no_surprise,0.19,0,176
2011-01-13,-0.6,0.7,False,Delphic,hold,0.0873015873015873,0.04047619047619047,-0.09523809523809523,0.0,0.0367,1.5725,0.3322,hold,0.0314,0.2064,0.9125,0.0,-1.5725,0.0916,-2.1348,no_surprise,-1.5725,0,177
2011-02-03,0.35,0.7,False,Delphic,ambiguous,0.07543859649122808,0.014912280701754384,-0.11842105263157894,0.355,0.0185,5.665,0.5351,hold,0.1133,0.3325,0.7734,0.0,-5.665,0.257,-6.4535,dovish_surprise,-5.665,0,178
2011-03-03,0.6,0.7,False,Delphic,hike,0.10258620689655172,0.027586206896551717,-0.11465517241379311,-0.005,0.0366,8.9875,0.6531,hold,0.1798,0.4058,0.6405,0.0,-8.9875,0.4455,-5.1176,dovish_surprise,-8.9875,0,179
2011-04-07,0.675,0.4,False,Delphic,hike,0.1593220338983051,0.13050847457627118,-0.06101694915254237,0.083,0.1066,18.415,0.7097,hike_standard,0.3683,0.441,0.2679,25.0,6.585,0.3473,2.2733,hawkish_surprise,6.585,0,180
2011-05-05,0.74,0.43,False,Delphic,ambiguous,0.2476190476190476,0.18095238095238092,-0.05396825396825397,-0.055,0.1673,12.755,0.9589,hold,0.2551,0.5958,0.4826,0.0,-12.755,0.7286,-3.5681,dovish_surprise,-12.755,0,181
2011-06-09,0.7,0.37,False,Delphic,hike,0.3290909090909091,0.12181818181818184,0.0018181818181818219,0.0353,0.2015,17.9425,0.97,hike_standard,0.3589,0.6027,0.4,0.0,-17.9425,0.9163,-3.7165,dovish_surprise,-17.9425,0,182
2011-07-07,0.85,0.4,False,Odyssean,hike,0.30701754385964913,0.12192982456140351,-0.0017543859649122783,0.15,0.1897,22.7525,0.7274,hike_standard,0.4551,0.452,0.1722,25.0,2.2475,0.2937,0.3473,no_surprise,2.2475,0,183
2011-08-04,0.68,0.62,False,Delphic,hike,0.3258064516129032,0.13548387096774195,0.02419354838709677,-0.01,0.2084,12.36,0.9294,hold,0.2472,0.5775,0.4968,0.0,-12.36,0.6996,-1.8752,dovish_surprise,-12.36,0,184
2011-09-08,0.3,0.7,False,Delphic,hike,0.15480769230769229,-0.1298076923076923,0.00576923076923077,-0.1,0.0396,12.79,0.8723,hold,0.2558,0.542,0.5532,0.0,-12.79,0.592,-1.8462,dovish_surprise,-12.79,0,185
2011-10-06,-0.03,0.8,False,Delphic,ambiguous,0.17980769230769234,-0.11442307692307693,0.02884615384615385,-0.32,0.0613,-2.62,0.5206,hold,-0.0524,0.3235,0.8372,0.0,2.62,0.1777,0.367,no_surprise,2.62,0,186
2011-11-03,-0.75,0.8,False,Delphic,hold,0.153125,-0.34921875,-0.07890625,-0.3367,-0.044,-9.5575,0.9553,hold,-0.1911,0.5936,0.6353,-25.0,-15.4425,1.3976,-2.0813,dovish_surprise,-15.4425,0,187
2011-12-08,-0.77,0.8,False,Delphic,ambiguous,0.07352941176470588,-0.2867647058823529,-0.030147058823529416,-0.2637,-0.0553,-17.7,1.0328,cut_standard,-0.354,0.6417,0.392,-25.0,-7.3,0.7501,-0.9357,dovish_surprise,-7.3,0,188
2012-01-12,-0.175,0.775,True,Delphic,ambiguous,0.04032258064516129,-0.44112903225806455,-0.1532258064516129,-0.4667,-0.1428,-8.2725,0.879,hold,-0.1655,0.5462,0.6621,0.0,8.2725,0.4123,1.0955,hawkish_surprise,8.2725,0,189
2012-02-09,-0.15,0.7,False,Delphic,ambiguous,0.08055555555555555,-0.28518518518518515,-0.1,0.0,-0.0653,-5.5875,0.7502,hold,-0.1118,0.4661,0.6868,0.0,5.5875,0.3757,0.6529,hawkish_surprise,5.5875,0,190
2012-03-08,-0.5,0.8,False,Delphic,ambiguous,0.1009090909090909,-0.32272727272727275,-0.15272727272727274,0.085,-0.0769,-2.8475,0.6081,hold,-0.057,0.3778,0.8347,0.0,2.8475,0.1807,0.3111,no_surprise,2.8475,0,191
2012-04-04,-0.3875,0.45,True,Delphic,ambiguous,0.026562499999999996,-0.42153846153846153,-0.103125,-0.12,-0.1338,-2.3325,0.4556,hold,-0.0466,0.2831,0.8855,0.0,2.3325,0.1216,0.2501,no_surprise,2.3325,0,192
2012-05-03,-0.23,0.63,True,Delphic,hold,0.010483870967741945,-0.3467741935483871,-0.1435483870967742,-0.1344,-0.1275,-0.6275,0.5525,hold,-0.0125,0.3433,0.8384,0.0,0.6275,0.1763,0.0698,no_surprise,0.6275,0,193
2012-06-06,-0.29,0.68,False,Delphic,ambiguous,0.0775,-0.2816666666666666,-0.15,0.0125,-0.0757,-3.2375,0.7039,hold,-0.0648,0.4374,0.788,0.0,3.2375,0.2383,0.3711,no_surprise,3.2375,0,194
2012-07-05,0.2,0.8,False,Delphic,ambiguous,0.03550724637681159,-0.3934782608695652,-0.21811594202898552,-0.3767,-0.1439,-6.6475,0.6363,hold,-0.133,0.3954,0.7889,-25.0,-18.3525,1.8573,-2.3853,dovish_surprise,-18.3525,0,195
2012-08-02,-0.85,0.75,False,Delphic,cut,0.03076923076923077,-0.41692307692307695,-0.16230769230769232,-0.132,-0.1422,-15.3625,0.9374,hold,-0.3073,0.5824,0.479,0.0,15.3625,0.7361,1.7379,hawkish_surprise,15.3625,0,196
2012-09-06,-0.6,0.8,False,Delphic,cut,-0.08,-0.3954545454545455,-0.18181818181818182,0.0,-0.195,-9.285,0.7705,hold,-0.1857,0.4787,0.7188,0.0,9.285,0.3302,0.9505,hawkish_surprise,9.285,0,197
2012-10-04,-0.5,0.8,True,Delphic,ambiguous,-0.14453125,-0.50703125,-0.2109375,-0.2933,-0.2666,-1.6925,0.2476,hold,-0.0338,0.1538,0.9323,0.0,1.6925,0.0701,0.1788,no_surprise,1.6925,0,198
2012-11-08,0.4,0.7,False,Delphic,hold,-0.009259259259259257,-0.4703703703703703,-0.2296296296296296,-0.3063,-0.1917,-1.2475,0.1982,hold,-0.0249,0.1231,0.9501,0.0,1.2475,0.0512,0.132,no_surprise,1.2475,0,199
2012-12-06,-0.25,0.7,False,Delphic,ambiguous,-0.029411764705882353,-0.42058823529411765,-0.20588235294117646,-0.1943,-0.1821,-9.6175,0.9704,hold,-0.1923,0.6029,0.6078,0.0,9.6175,0.4979,1.1858,hawkish_surprise,9.6175,0,200
2013-01-10,0.15,0.58,False,Delphic,hold,-0.10220588235294116,-0.3764705882352941,-0.13970588235294118,-0.2633,-0.192,-3.535,0.5278,hold,-0.0707,0.3279,0.8218,0.0,3.535,0.1963,0.4518,no_surprise,3.535,0,201
2013-02-07,0.225,0.5,False,Delphic,hold,-0.07941176470588235,-0.37499999999999994,-0.14411764705882354,-0.15,-0.181,-1.375,0.3435,hold,-0.0275,0.2134,0.9111,0.0,1.375,0.0931,0.1788,no_surprise,1.375,0,202
2013-03-07,-0.75,0.4,False,Delphic,hold,-0.1346153846153846,-0.40576923076923077,-0.22115384615384615,-0.2225,-0.2333,-1.77,0.2557,hold,-0.0354,0.1589,0.9292,0.0,1.77,0.0734,0.2309,no_surprise,1.77,0,203
2013-04-04,-0.4125,0.5875,True,Delphic,ambiguous,-0.11282051282051284,-0.3288461538461539,-0.12692307692307692,-0.1886,-0.1804,-6.4375,0.6311,hold,-0.1288,0.3921,0.7576,0.0,6.4375,0.2776,0.8393,hawkish_surprise,6.4375,0,204
2013-05-02,-0.3875,0.6875,True,Delphic,ambiguous,-0.1514285714285714,-0.35714285714285715,-0.14642857142857144,-0.2762,-0.2121,-10.9625,0.8762,hold,-0.2193,0.5444,0.6001,0.0,10.9625,0.5107,1.4165,hawkish_surprise,-14.0375,0,205
2013-06-06,-0.5625,0.6,True,Odyssean,cut,-0.14246575342465753,-0.2828767123287671,-0.10890410958904109,-0.3388,-0.1779,-14.9325,0.9626,hold,-0.2986,0.5981,0.4745,0.0,14.9325,0.7455,1.8666,hawkish_surprise,14.9325,0,206
2013-07-04,-0.6,0.7,False,Odyssean,hold,-0.22543859649122808,-0.47586206896551725,-0.2560344827586207,-0.2967,-0.3067,-3.4225,0.3993,hold,-0.0684,0.2481,0.8631,0.0,3.4225,0.1472,0.3999,no_surprise,3.4225,0,207
2013-08-01,-0.8,0.4,False,Odyssean,cut,-0.3112903225806451,-0.48951612903225805,-0.21693548387096773,-0.4156,-0.3459,-13.95,0.9388,hold,-0.279,0.5833,0.5544,0.0,13.95,0.5899,2.7697,hawkish_surprise,13.95,0,208
2013-09-05,-0.8,0.375,True,Odyssean,hold|cut,-0.2134920634920635,-0.40952380952380946,-0.15,0.1,-0.2596,-9.22,0.824,hold,-0.1844,0.512,0.6839,0.0,9.22,0.3799,1.9033,hawkish_surprise,9.22,0,209
2013-10-02,-0.8,0.4,False,Odyssean,hold|cut,-0.2288135593220339,-0.38813559322033897,-0.22881355932203393,-0.1283,-0.2766,-6.745,0.5831,hold,-0.1349,0.3623,0.7302,0.0,6.745,0.3144,1.3933,hawkish_surprise,6.745,0,210
2013-11-07,-0.525,0.525,True,Odyssean,cut,-0.2553030303030303,-0.25757575757575757,-0.18106060606060606,-0.1414,-0.2411,-11.8225,0.8565,hold,-0.2364,0.5322,0.5935,0.0,11.8225,0.5217,2.56,hawkish_surprise,-13.1775,0,211
2013-12-05,-0.8,0.6,False,Odyssean,cut,-0.2185185185185185,-0.23055555555555557,-0.1925925925925926,-0.2304,-0.2169,-14.32,0.9334,hold,-0.2864,0.58,0.525,0.0,14.32,0.6444,3.2144,hawkish_surprise,14.32,0,212
2014-01-09,-0.45,0.525,True,Odyssean,cut,-0.34576271186440677,-0.29416666666666663,-0.23583333333333334,-0.68,-0.3083,-10.84,0.8895,hold,-0.2168,0.5527,0.5893,0.0,10.84,0.5288,2.2629,hawkish_surprise,10.84,0,213
2014-02-06,-0.9,0.6,False,Odyssean,hold|cut,-0.31967213114754106,-0.30819672131147535,-0.23770491803278687,-0.072,-0.2998,-12.86,0.9061,hold,-0.2572,0.563,0.5834,0.0,12.86,0.5389,2.7842,hawkish_surprise,12.86,0,214
2014-03-06,-0.85,0.6,False,Odyssean,hold|cut,-0.23790322580645162,-0.21532258064516127,-0.17661290322580644,-0.295,-0.2189,-13.895,0.9221,hold,-0.2779,0.5729,0.5366,0.0,13.895,0.6225,3.3536,hawkish_surprise,13.895,0,215
2014-04-03,-0.7,0.5,False,Odyssean,ambiguous,-0.2957831325301205,-0.3,-0.13493975903614458,-0.0067,-0.2649,-12.0575,0.6925,hold,-0.2411,0.4303,0.5177,0.0,12.0575,0.6584,3.4487,hawkish_surprise,12.0575,0,216
2014-05-08,-0.7,0.7125,True,Delphic,cut,-0.357258064516129,-0.15161290322580642,-0.20887096774193548,-0.3614,-0.2659,-15.3975,0.9689,hold,-0.308,0.602,0.5056,0.0,15.3975,0.682,4.7371,hawkish_surprise,15.3975,0,217
2014-06-05,-0.78,0.53,False,Delphic,cut,-0.26933333333333337,-0.194,-0.16,-0.06,-0.2249,-25.0375,1.0456,cut_standard,-0.5008,0.6497,0.2536,-10.0,15.0375,1.372,4.3677,hawkish_surprise,15.0375,0,218
2014-07-03,-0.82,0.57,False,Delphic,cut,-0.24600000000000002,-0.16466666666666666,-0.12133333333333335,-0.4467,-0.1967,-10.1975,0.8102,hold,-0.2039,0.5034,0.6586,0.0,10.1975,0.4176,2.9546,hawkish_surprise,10.1975,0,219
2014-08-07,-0.78,0.5,False,Odyssean,hold,-0.37058823529411766,-0.18823529411764706,-0.15294117647058825,-0.3267,-0.2724,-4.95,0.5233,hold,-0.099,0.3251,0.8445,0.0,4.95,0.169,1.996,no_surprise,4.95,0,220
2014-09-04,-0.8,0.6,False,Delphic,hold,-0.25535714285714284,-0.20535714285714285,-0.12083333333333333,-0.87,-0.2135,-3.7725,0.4243,hold,-0.0755,0.2636,0.8491,-10.0,-6.2275,0.1636,-1.999,dovish_surprise,-6.2275,0,221
2014-10-02,-0.9,0.7,True,Delphic,hold,-0.2506097560975609,-0.12560975609756098,-0.07195121951219513,-0.3633,-0.1774,0.0,-0.0,hold,0.0,-0.0,1.0,0.0,0.0,-0.0,0.0,no_surprise,0.0,0,222
2014-11-06,-0.85,0.7,False,Odyssean,hold,-0.2762820512820513,-0.27115384615384613,-0.10064102564102563,-0.599,-0.2396,-1.9375,0.2726,hold,-0.0387,0.1694,0.9225,0.0,1.9375,0.0807,0.3027,no_surprise,1.9375,0,223
2014-12-04,-0.85,0.75,False,Delphic,cut,-0.29014084507042254,-0.2633802816901408,-0.12535211267605634,-0.4433,-0.2492,-2.0025,0.279,hold,-0.0401,0.1734,0.9199,0.0,2.0025,0.0835,0.2993,no_surprise,2.0025,0,224
2015-03-05,-0.9,0.35,True,Odyssean,hold,-0.4925,-0.25,-0.1025,-0.61,-0.3417,-1.03,0.1717,hold,-0.0206,0.1067,0.9588,0.0,1.03,0.0421,,no_surprise,1.03,1,225
2015-04-15,-0.9,0.4,False,None,ambiguous,-0.5454545454545454,0.006060606060606053,0.06363636363636364,0.0143,-0.2582,-1.8675,0.2656,hold,-0.0374,0.165,0.9253,0.0,1.8675,0.0776,,no_surprise,1.8675,1,226
2015-06-03,-0.85,0.4,False,None,ambiguous,-0.42500000000000004,0.031249999999999993,0.17500000000000002,-0.3714,-0.1681,-9.885,0.6711,hold,-0.1977,0.417,0.6046,0.0,9.885,0.5032,,hawkish_surprise,9.885,1,227
2015-07-16,-0.25,0.4,False,None,hold,-0.40972222222222227,-0.11250000000000002,-0.008333333333333335,0.0133,-0.2403,-1.5225,0.2294,hold,-0.0304,0.1425,0.9391,0.0,1.5225,0.0628,,no_surprise,1.5225,1,228
2015-09-03,-0.65,0.5,False,None,ambiguous,-0.3973684210526316,-0.04473684210526315,0.026315789473684206,0.0,-0.2068,-7.52,0.6634,hold,-0.1504,0.4122,0.7862,0.0,7.52,0.2405,,hawkish_surprise,7.52,1,229
2015-10-22,-0.75,0.7,False,None,ambiguous,-0.4233333333333334,-0.13499999999999995,0.05333333333333334,-0.118,-0.2415,-23.87,1.0968,hold,-0.4774,0.6815,0.3619,0.0,23.87,1.0164,,hawkish_surprise,23.87,1,230
2015-12-03,-0.8,0.7,False,None,ambiguous,-0.4074074074074074,-0.022222222222222216,-0.014814814814814812,-0.2887,-0.2133,-33.635,0.8676,cut_standard,-0.6727,0.5391,0.0592,-10.0,23.635,2.8268,2.9586,hawkish_surprise,33.635,1,231
2016-01-21,-0.8,0.6,False,None,ambiguous,-0.41250000000000003,-0.09107142857142858,-0.06785714285714285,0.0,-0.2471,-32.0025,0.9844,cut_standard,-0.6401,0.6116,0.1274,0.0,32.0025,2.0604,3.4485,hawkish_surprise,32.0025,1,232
2016-03-10,-0.85,0.75,False,None,ambiguous,-0.49250000000000005,-0.145,0.09999999999999999,-0.23,-0.2697,-33.3625,0.924,cut_standard,-0.6672,0.5741,0.0861,-10.0,23.3625,2.4522,2.0588,hawkish_surprise,28.3625,1,233
2016-04-21,-1.0,0.8,False,Odyssean,cut,-0.4725806451612904,-0.2451612903225806,-0.07258064516129033,-0.466,-0.3244,-11.0175,0.6861,hold,-0.2203,0.4263,0.5593,0.0,11.0175,0.5811,0.9825,hawkish_surprise,11.0175,1,234
2016-06-02,-0.1,0.3,False,Delphic,cut,-0.488,-0.26,-0.003999999999999999,-0.165,-0.3228,-11.0575,0.8435,hold,-0.2211,0.5241,0.6331,0.0,11.0575,0.4571,1.036,hawkish_surprise,11.0575,1,235
2016-07-21,-0.8,0.4,False,None,cut,-0.4625,-0.140625,0.018749999999999996,-0.1825,-0.2697,-17.7475,0.6022,cut_standard,-0.3549,0.3742,0.2901,0.0,17.7475,1.2375,1.7397,hawkish_surprise,17.7475,1,236
2016-09-08,-0.85,0.75,False,Odyssean,hold,-0.3857142857142857,-0.20714285714285716,-0.19142857142857142,0.0,-0.2933,-9.74,0.6686,hold,-0.1948,0.4154,0.6104,0.0,9.74,0.4936,0.9895,hawkish_surprise,9.74,1,237
2016-10-20,-0.4,0.7,False,None,ambiguous,-0.3230769230769231,6.4051328343759035e-18,0.09230769230769233,-0.0914,-0.1431,-8.02,0.7103,hold,-0.1604,0.4413,0.7519,0.0,8.02,0.2852,0.8736,hawkish_surprise,8.02,1,238
2016-12-08,-0.2,0.5,False,None,ambiguous,-0.33076923076923076,0.04230769230769233,0.01730769230769231,0.0683,-0.1492,-1.775,0.5273,hold,-0.0355,0.3276,0.8428,0.0,1.775,0.171,0.206,no_surprise,1.775,1,239
2017-01-19,-0.25,0.7,False,None,ambiguous,-0.19999999999999998,-0.07096774193548386,-0.07096774193548386,0.0,-0.1355,-7.735,0.91,hold,-0.1547,0.5654,0.6719,0.0,7.735,0.3976,0.8334,hawkish_surprise,7.735,1,240
2017-03-09,-0.65,0.4,False,None,hold,-0.21842105263157893,0.2236842105263158,0.11842105263157894,0.1362,-0.0184,-1.6125,0.2392,hold,-0.0323,0.1486,0.9355,0.0,1.6125,0.0667,0.1851,no_surprise,1.6125,1,241
2017-04-27,-0.1,0.5,False,None,ambiguous,-0.07586206896551723,0.13448275862068967,0.03793103448275863,0.0485,0.01,-0.2275,0.4449,hold,-0.0046,0.2764,0.8998,0.0,0.2275,0.1056,0.0246,no_surprise,0.2275,1,242
2017-06-08,-0.3,0.6,True,Delphic,hold,-0.10185185185185185,0.16666666666666666,0.02777777777777777,0.0369,0.0046,1.11,0.1817,hold,0.0222,0.1129,0.9556,0.0,-1.11,0.0454,-0.1166,no_surprise,-1.11,1,243
2017-07-20,-0.3,0.6,False,None,ambiguous,-0.2020833333333333,0.3541666666666667,0.11666666666666665,0.21,0.0285,-0.2725,0.3952,hold,-0.0054,0.2456,0.8995,0.0,0.2725,0.1059,0.0286,no_surprise,0.2725,1,244
2017-09-07,0.25,0.5,False,Delphic,hold,-0.13333333333333333,0.3261904761904762,0.016666666666666666,0.0933,0.0345,5.5675,0.7501,hold,0.1114,0.4661,0.6873,0.0,-5.5675,0.375,-0.7662,dovish_surprise,-5.5675,1,245
2017-10-26,-0.4,0.6,False,None,ambiguous,-0.15,0.3272727272727272,0.11818181818181818,0.0242,0.0468,-5.0,0.7507,hold,-0.1,0.4664,0.7803,0.0,5.0,0.2481,0.7825,no_surprise,5.0,1,246
2017-12-14,-0.25,0.4,True,Odyssean,hold,-0.23571428571428574,0.44285714285714295,0.33571428571428574,0.146,0.0821,-0.15,0.3948,hold,-0.003,0.2453,0.8998,0.0,0.15,0.1056,0.0244,no_surprise,0.15,1,247
2018-01-25,-0.1,0.4,False,None,ambiguous,-0.008928571428571428,0.44821428571428573,0.21249999999999997,0.0,0.1725,-0.005,0.3944,hold,-0.0001,0.2451,0.9,0.0,0.005,0.1054,0.0008,no_surprise,0.005,1,248
2018-03-08,-0.2,0.6,False,Delphic,ambiguous,-0.13,0.5700000000000001,0.5133333333333333,0.1311,0.2087,-0.015,0.639,hold,-0.0003,0.397,0.8,0.0,0.015,0.2231,0.0035,no_surprise,0.015,1,249
2018-04-26,-0.03,0.57,False,Delphic,hold,-0.04333333333333333,0.20666666666666664,0.06666666666666667,-0.024,0.0537,-0.275,0.2613,hold,-0.0055,0.1624,0.9418,0.0,0.275,0.06,0.0753,no_surprise,0.275,1,250
2018-06-14,-0.23,0.87,False,Odyssean,hold,-0.125,0.195,0.09,0.1675,0.014,0.1625,0.2309,hold,0.0033,0.1435,0.9505,0.0,-0.1625,0.0508,-0.0527,no_surprise,-0.1625,1,251
2018-07-26,0.4,0.6,False,None,ambiguous,-0.05666666666666668,0.24000000000000002,0.1766666666666667,0.35,0.079,7.835,0.9374,hold,0.1567,0.5824,0.6662,0.0,-7.835,0.4062,-2.5425,dovish_surprise,-7.835,1,252
2018-09-13,-0.3,0.6,False,Odyssean,hold,0.11451612903225807,0.3225806451612903,0.27419354838709675,0.86,0.2089,0.0,-0.0,hold,0.0,-0.0,1.0,0.0,0.0,-0.0,0.0,no_surprise,0.0,1,253
2018-10-25,0.08,0.47,True,Odyssean,hold,0.14193548387096774,0.08064516129032258,0.049999999999999996,0.3038,0.1052,-0.155,0.2306,hold,-0.0031,0.1433,0.9506,0.0,0.155,0.0507,0.0506,no_surprise,0.155,1,254
2018-12-13,0.25,0.5,False,Delphic,hold,0.10344827586206896,0.28620689655172415,0.2655172413793104,0.0583,0.1907,0.065,0.1127,hold,0.0013,0.07,0.9798,0.0,-0.065,0.0204,-0.0212,no_surprise,-0.065,1,255
2019-01-24,-0.75,0.6,False,Delphic,hold,0.03421052631578947,-0.1868421052631579,0.2947368421052632,0.28,0.02,-1.08,0.146,hold,-0.0216,0.0907,0.9723,0.0,1.08,0.0281,0.3526,no_surprise,1.08,1,256
2019-03-07,-0.2,0.65,False,Odyssean,hold,-0.4108695652173914,-0.3434782608695652,0.10869565217391304,0.0514,-0.2867,-0.295,0.0641,hold,-0.0059,0.0398,0.9882,0.0,0.295,0.0119,0.0954,no_surprise,0.295,1,257
2019-04-10,-0.7,0.8,False,None,ambiguous,-0.2592592592592593,-0.3592592592592592,0.1962962962962963,-0.084,-0.1981,-0.87,0.4039,hold,-0.0174,0.251,0.8947,0.0,0.87,0.1113,0.3218,no_surprise,0.87,1,258
2019-06-06,-0.85,0.7,False,Odyssean,hold,-0.11249999999999998,-0.37678571428571433,0.07321428571428572,-0.1206,-0.1546,-4.02,0.464,hold,-0.0804,0.2883,0.8585,0.0,4.02,0.1526,1.7789,no_surprise,4.02,1,259
2019-07-25,-0.8,0.6,False,None,ambiguous,-0.3910714285714286,-0.2982142857142857,0.20357142857142854,-0.285,-0.2443,-16.4025,0.9321,cut_standard,-0.3281,0.5791,0.4338,0.0,16.4025,0.8352,6.3711,hawkish_surprise,16.4025,1,260
2019-09-12,-0.8,0.7,False,None,ambiguous,-0.22567567567567567,-0.27162162162162157,0.04054054054054054,0.15,-0.1862,-24.7875,0.7997,cut_standard,-0.4958,0.4969,0.1482,-10.0,14.7875,1.9092,2.8205,hawkish_surprise,24.7875,1,261
2019-10-24,-0.825,0.7,True,Odyssean,cut,-0.3016666666666667,-0.42166666666666675,0.20666666666666667,-0.2286,-0.236,-26.32,0.7673,cut_standard,-0.5264,0.4768,0.1092,0.0,26.32,2.2146,4.1051,hawkish_surprise,26.32,1,262
2019-12-12,-0.2,0.7,False,Delphic,ambiguous,-0.20588235294117646,-0.23529411764705882,0.09411764705882351,-0.1927,-0.1547,-7.6575,0.6917,hold,-0.1532,0.4298,0.7616,0.0,7.6575,0.2723,0.8389,hawkish_surprise,7.6575,1,263
2020-01-23,-0.6,0.6,False,None,ambiguous,-0.3342857142857143,-0.26285714285714284,0.18285714285714286,0.0,-0.2094,-6.3175,0.5653,hold,-0.1263,0.3512,0.7473,0.0,6.3175,0.2913,0.6988,hawkish_surprise,6.3175,1,264
2020-03-12,-0.7,0.4,False,None,ambiguous,-0.1732142857142857,-0.22142857142857145,0.07142857142857142,-0.1983,-0.1387,-1.72,0.2505,hold,-0.0344,0.1556,0.9312,0.0,1.72,0.0713,0.2117,no_surprise,1.72,1,265
2020-04-30,-0.85,0.9,False,None,ambiguous,-0.20789473684210524,-0.35394736842105257,-0.026315789473684206,-0.855,-0.2154,-1.9775,0.2766,hold,-0.0396,0.1719,0.9209,0.0,1.9775,0.0824,0.2464,no_surprise,1.9775,1,266
2020-06-04,-0.9,0.95,False,Delphic,ambiguous,-0.5708333333333333,-0.6354166666666666,-0.33749999999999997,-0.608,-0.5435,-10.8225,0.8073,hold,-0.2165,0.5016,0.7072,0.0,10.8225,0.3464,1.367,hawkish_surprise,10.8225,1,267
2020-07-16,-0.9,0.8,False,None,ambiguous,-0.5367647058823529,-0.6028571428571428,-0.46911764705882353,-0.7075,-0.5431,-12.4125,0.892,hold,-0.2482,0.5542,0.6406,0.0,12.4125,0.4454,1.6118,hawkish_surprise,12.4125,1,268
2020-09-10,-0.8,0.75,False,Delphic,hold,-0.2630952380952381,-0.5154761904761904,-0.2642857142857143,-0.345,-0.339,0.0,-0.0,hold,0.0,-0.0,1.0,0.0,0.0,-0.0,0.0,no_surprise,0.0,1,269
2020-10-29,-0.7,0.5,False,None,ambiguous,-0.45135135135135135,-0.6864864864864866,-0.5594594594594594,-0.44,-0.5435,-7.355,0.6059,hold,-0.1471,0.3765,0.7058,0.0,7.355,0.3484,0.9738,hawkish_surprise,7.355,1,270
2020-12-10,-0.9,0.8,False,Odyssean,cut,-0.5673076923076923,-0.6499999999999999,-0.4230769230769231,-0.3317,-0.5633,-35.5525,0.8409,cut_standard,-0.7111,0.5225,0.0432,0.0,35.5525,3.1419,4.935,hawkish_surprise,35.5525,1,271
2021-01-21,0.0,1.0,False,None,ambiguous,-0.3097560975609756,-0.47317073170731705,-0.3902439024390244,0.0,-0.3749,0.0,-0.0,hold,0.0,-0.0,1.0,0.0,0.0,-0.0,0.0,no_surprise,0.0,1,272
2021-03-11,-0.7,0.7,False,Odyssean,hold,-0.35806451612903223,-0.39354838709677403,-0.3548387096774194,-0.4133,-0.3681,-3.6325,0.4145,hold,-0.0726,0.2575,0.8547,0.0,3.6325,0.157,0.3482,no_surprise,3.6325,1,273
2021-04-22,0.2,0.5,False,None,ambiguous,-0.09848484848484848,-0.18181818181818182,-0.1727272727272727,-0.4033,-0.1383,0.0,-0.0,hold,0.0,-0.0,1.0,0.0,0.0,-0.0,0.0,no_surprise,0.0,1,274
2021-06-10,-0.15,0.5,False,None,hold,0.109375,-0.125,-0.09375,-0.1833,-0.0016,-0.13,0.2337,hold,-0.0026,0.1452,0.9497,0.0,0.13,0.0516,0.0138,no_surprise,0.13,1,275
2021-07-22,-0.7,0.5,False,Odyssean,hold,-0.07352941176470588,0.18970588235294117,-0.12058823529411763,0.184,-0.004,-0.565,0.0857,hold,-0.0113,0.0532,0.9855,0.0,0.565,0.0146,0.0586,no_surprise,0.565,1,276
2021-09-09,-0.8,0.2,False,None,ambiguous,-0.003750000000000009,0.1025,-0.016249999999999997,0.0,0.0256,-3.9375,0.6517,hold,-0.0788,0.4049,0.8218,0.0,3.9375,0.1963,0.402,no_surprise,3.9375,1,277
2021-10-28,0.25,0.5,False,Delphic,hold,0.1088235294117647,0.20735294117647057,0.03970588235294118,-0.0289,0.1246,1.4975,0.5221,hold,0.03,0.3244,0.8469,0.0,-1.4975,0.1662,-0.1539,no_surprise,-1.4975,1,278
2021-12-16,0.45,0.55,False,None,ambiguous,0.3842857142857143,0.17,0.10999999999999999,-0.0614,0.2651,0.5,0.3976,hold,0.01,0.247,0.8982,0.0,-0.5,0.1074,-0.0505,no_surprise,-0.5,1,279
2022-02-03,0.7,0.8,False,Odyssean,ambiguous,0.3942857142857143,0.027142857142857135,0.14285714285714285,-0.07,0.2339,7.6025,0.6143,hold,0.152,0.3817,0.6959,0.0,-7.6025,0.3625,-0.7642,dovish_surprise,-7.6025,1,280
2022-03-10,-0.025,0.65,True,Delphic,hold,0.4382352941176471,0.09852941176470587,0.1426470588235294,0.0556,0.2772,0.6675,0.4844,hold,0.0133,0.301,0.8736,0.0,-0.6675,0.1351,-0.0651,no_surprise,-0.6675,1,281
2022-04-14,0.0,0.6,True,Delphic,hold,0.43,-0.25,0.19428571428571428,-0.3794,0.1789,1.2,0.5174,hold,0.024,0.3215,0.8506,0.0,-1.2,0.1618,-0.1167,no_surprise,-1.2,1,282
2022-06-09,0.6,0.8,False,None,ambiguous,0.7191176470588235,-0.28823529411764703,0.1485294117647059,0.0667,0.3028,15.87,1.0232,hike_standard,0.3174,0.6357,0.3787,0.0,-15.87,0.971,-1.5439,dovish_surprise,-15.87,1,283
2022-07-21,0.85,0.7,False,Delphic,hike,0.6000000000000001,-0.2023255813953488,0.08604651162790698,-0.46,0.2565,32.485,0.7615,hike_standard,0.6497,0.4731,0.0314,50.0,17.515,1.1062,3.4308,hawkish_surprise,17.515,1,284
2022-09-08,0.8,0.7,False,None,ambiguous,0.5661764705882353,-0.23235294117647057,0.18823529411764706,-0.72,0.251,33.6275,0.9952,hike_large,0.6725,0.6184,0.1417,75.0,41.3725,0.7199,5.623,hawkish_surprise,41.3725,1,285
2022-10-27,0.85,0.4,False,None,ambiguous,0.6678571428571427,-0.4321428571428571,0.2464285714285714,-0.4533,0.2536,33.6975,0.7908,hike_standard,0.6739,0.4914,0.0322,75.0,41.3025,0.9671,3.0236,hawkish_surprise,41.3025,1,286
2022-12-15,0.85,0.7,False,None,ambiguous,0.6666666666666666,-0.5216666666666666,0.11333333333333334,-0.495,0.1995,31.14,0.9966,hike_standard,0.6228,0.6192,0.1401,50.0,18.86,0.953,1.0959,hawkish_surprise,18.86,1,287
2023-02-02,0.6,0.6,False,None,ambiguous,0.6618421052631579,-0.3960526315789473,0.23947368421052626,-0.55,0.26,18.795,0.9259,hike_standard,0.3759,0.5753,0.2518,50.0,31.205,2.6722,1.7921,hawkish_surprise,31.205,1,288
2023-03-16,0.85,0.7,False,None,ambiguous,0.6347826086956522,-0.3086956521739131,0.2565217391304348,0.05,0.2761,35.21,0.996,hike_large,0.7042,0.6188,0.0892,50.0,14.79,0.6216,0.8058,hawkish_surprise,14.79,1,289
2023-05-04,0.6,0.75,False,Delphic,ambiguous,0.6685714285714285,-0.3314285714285714,0.20000000000000004,-0.1775,0.2749,17.15,1.2075,hike_standard,0.343,0.7503,0.3366,25.0,7.85,0.7868,0.4296,hawkish_surprise,7.85,1,290
2023-06-15,0.75,0.4,False,None,ambiguous,0.4681818181818182,-0.30303030303030304,0.17272727272727273,-0.28,0.1777,27.9925,0.9441,hike_standard,0.5598,0.5866,0.1455,25.0,-2.9925,0.5288,-0.1672,no_surprise,-2.9925,1,291
2023-07-27,0.75,0.5,False,None,ambiguous,0.5453125,-0.2984375,0.35625,-0.02,0.2544,24.26,0.5937,hike_standard,0.4852,0.3689,0.1048,25.0,0.74,0.1985,0.041,no_surprise,0.74,1,292
2023-09-14,0.3,0.75,False,None,ambiguous,0.3483333333333334,-0.4683333333333332,0.1816666666666667,-0.39,0.07,14.6775,0.6779,hike_standard,0.2935,0.4212,0.4129,25.0,10.3225,0.5326,0.5919,hawkish_surprise,10.3225,1,293
2023-10-26,0.35,0.8,True,Delphic,ambiguous,0.27,-0.4125,0.10500000000000001,-0.24,0.0323,9.8575,1.0116,hold,0.1971,0.6285,0.5727,0.0,-9.8575,0.5574,-0.5801,dovish_surprise,-9.8575,1,294
2023-12-14,0.55,0.5,False,None,hold,0.06935483870967743,-0.5209677419354838,0.05483870967741935,-0.15,-0.1106,0.225,0.177,hold,0.0045,0.11,0.9694,0.0,-0.225,0.0311,-0.0127,no_surprise,-0.225,1,295
2024-01-25,0.3,0.6,False,Delphic,hold,0.07419354838709677,-0.3983870967741935,0.11290322580645161,-0.09,-0.0598,0.2675,0.3953,hold,0.0054,0.2456,0.8995,0.0,-0.2675,0.1059,-0.0166,no_surprise,-0.2675,1,296
2024-03-07,-0.25,0.7,False,None,ambiguous,-0.025000000000000005,-0.45357142857142857,0.02678571428571429,0.0394,-0.1432,-1.365,0.2118,hold,-0.0273,0.1316,0.9454,0.0,1.365,0.0561,0.0825,no_surprise,1.365,1,297
2024-04-11,0.25,0.6,False,Delphic,hold,0.11805555555555555,-0.29444444444444445,0.1111111111111111,0.193,-0.0071,-4.51,0.472,hold,-0.0902,0.2933,0.8196,0.0,4.51,0.1989,0.3147,no_surprise,4.51,1,298
2024-06-06,-0.1,0.7,False,Delphic,cut,0.13448275862068967,-0.22068965517241382,0.07931034482758623,-0.415,0.0169,-24.5625,0.0881,cut_standard,-0.4913,0.0547,0.0175,-25.0,-0.4375,0.0177,,no_surprise,-0.4375,1,299
2024-07-18,0.5,0.7,False,None,ambiguous,0.21470588235294116,-0.24411764705882355,0.1735294117647059,0.07,0.0688,-4.185,0.4517,hold,-0.0837,0.2807,0.8326,0.0,4.185,0.1832,0.4152,no_surprise,4.185,1,300
2024-09-12,-0.25,0.75,False,Delphic,ambiguous,0.13285714285714284,-0.21571428571428572,0.12714285714285714,0.04,0.0271,-9.06,0.6548,hold,-0.1812,0.4069,0.6376,-25.0,-15.94,1.015,-2.5782,dovish_surprise,-15.94,1,301
2024-10-17,-0.3,0.7,False,Delphic,hold,0.17115384615384616,-0.3903846153846154,0.16538461538461538,0.1567,0.0015,-9.5025,0.9794,hold,-0.19,0.6085,0.5849,-25.0,-15.4975,1.1596,-2.2508,dovish_surprise,-25.4975,1,302
2024-12-12,0.35,0.75,False,None,ambiguous,0.026923076923076914,-0.27692307692307694,0.04615384615384616,-0.0969,-0.0604,-6.885,0.8258,hold,-0.1377,0.5131,0.6138,-25.0,-18.115,1.1062,-2.3733,dovish_surprise,-43.115,1,303
2025-01-30,0.15,0.75,False,Delphic,ambiguous,0.15499999999999997,-0.33666666666666656,0.145,0.405,0.0055,-11.645,0.8202,hold,-0.2329,0.5096,0.5772,-25.0,-13.355,0.9681,-1.5101,dovish_surprise,-13.355,1,304
2025-03-06,-0.4,0.7,False,None,ambiguous,0.10967741935483871,-0.267741935483871,0.09838709677419354,0.29,-0.0058,-8.0125,0.6272,hold,-0.1602,0.3897,0.6795,-25.0,-16.9875,1.1379,-1.8538,dovish_surprise,-16.9875,1,305
2025-04-17,-0.8,0.7,False,None,ambiguous,0.12777777777777774,-0.4472222222222222,-0.036111111111111115,0.0643,-0.0775,-23.07,0.2719,cut_standard,-0.4614,0.1689,0.0772,-25.0,-1.93,0.0803,-0.2248,no_surprise,-1.93,1,306
2025-06-05,-0.7,0.8,False,None,ambiguous,0.04772727272727273,-0.1568181818181818,0.004545454545454534,-0.156,-0.0223,-27.685,0.9453,cut_standard,-0.5537,0.5873,0.1506,-25.0,2.685,0.5253,0.3113,no_surprise,2.685,1,307
2025-07-24,-0.8,0.5,False,None,ambiguous,-0.07499999999999998,-0.22678571428571428,0.024999999999999998,-0.2129,-0.1005,-14.685,0.6778,cut_standard,-0.2937,0.4211,0.4126,0.0,14.685,0.8853,1.6641,hawkish_surprise,14.685,1,308
2025-09-11,-0.125,0.775,True,Delphic,ambiguous,0.15517241379310343,-0.12413793103448277,0.037931034482758606,0.39,0.0479,-4.075,1.1139,hold,-0.0815,0.6921,0.6021,0.0,4.075,0.5073,0.3907,no_surprise,4.075,1,309
2025-10-30,0.2,0.2,False,Delphic,hold,0.15625,-0.11874999999999998,0.04374999999999999,0.0525,0.0513,-1.1525,0.1869,hold,-0.0231,0.1161,0.9539,0.0,1.1525,0.0472,0.1089,no_surprise,1.1525,1,310
2025-12-18,0.3,0.2,False,None,ambiguous,0.084,-0.18,0.055999999999999994,0.246,-0.0008,-1.11,0.1817,hold,-0.0222,0.1129,0.9556,0.0,1.11,0.0454,0.1068,no_surprise,1.11,1,311
